gid,geom,nombre_vol,pais,altitud,num_regist,num_hoja,nombre_hoj,ficha,zona_afect,danos_mat_,des_da_mat,tipos_da_m,perdidas_e,muertos,heridos,fecha_inic,fecha_fin,volumen_ma,tipo_volca,actividad,altura,espesor_ma,indice_exp,tipo_erupc,num_erupci,mat_expuls,composicio,composici0,fact_pelig,fact_peli0,fact_peli1,fact_peli2,fuente
1,POINT(-72.1159999999999 -40.5829999999999),Cord,Chile,0,1,44-,OSORNO,44 V 1,,Ca da de tefra en la zona de Bariloche y Villa La Angostura. Derrame de coladas en Chile.,Ca da de tefra en la zona de Bariloche y Villa La Angostura. Derrame de coladas en Chile.,No definido,,,,24/3/1960,//,,Estratovolc,Activo hist,1122,0,0,Explosiva (si predomina la eyecciln de tefras),,,,,1,0,0,0,SEGEMAR
2,POINT(-72.1159999999999 -40.5829999999999),Cordon Caulle,Chile,0,1,44-,OSORNO,44 V 1,,,,No definido,,,,//1759,//,,,Activo hist,1122,0,0,,,,,,0,0,0,0,SEGEMAR
3,POINT(-72.1159999999999 -40.5829999999999),Cordvn Caulle,Chile,0,1,44-,OSORNO,44 V 1,"En Argentina, adem s de Bariloche y Villa La Angostura, afectD a Pilcaniyeu, Ingeniero Jacobacci, San Mart","Ca da de tefra tamaso lapilli de hasta 6 cm en el Paso Samort, lapilli fino en Villa La Angostura y ceniza gruesa en Bariloche. En Villa La Angostura y Bariloche, las cenizas cubrieron los techos y las calles, las autoridades aconsejaron que la poblaci","Ca da de tefra tamaso lapilli de hasta 6 cm en el Paso Samort, lapilli fino en Villa La Angostura y ceniza gruesa en Bariloche. En Villa La Angostura y Bariloche, las cenizas cubrieron los techos y las calles, las autoridades aconsejaron que la poblaci","Corte u obstruccimn de vpas de comunicacicn (rutas, caminos, puentes, ferrocarriles), DaAos sobre infraestructura urbana (viviendas, industrias, servicios plblicos, etc), Dasos sobre la produccisn (ganado, cultivos), Daios sobre tendidos (leneas de alta",no determinadas,0,0,4/6/2011,/9/2012,,Estratovolcan,Activo histarico,1122,0,3,Explosiva (si predomina la eyeccimn de tefras),,,,,1,0,0,0,SEGEMAR
4,POINT(-72.1159999999999 -40.5829999999999),Cordon Caulle,Chile,0,1,44-,OSORNO,44 V 1,,,,No definido,,,,//1921,//,,,Activo hist,1122,0,0,,,,,,0,0,0,0,SEGEMAR
5,POINT(-72.1159999999999 -40.5829999999999),Cordvn Caulle,Chile,0,1,44-,OSORNO,44 V 1,,,,No definido,,,,//1893,//,,,Activo hist,1122,0,0,,,,,,0,0,0,0,SEGEMAR
6,POINT(-72.1159999999999 -40.5829999999999),Cordvn Caulle,Chile,0,1,44-,OSORNO,44 V 1,,,,No definido,,,,//1990,//,,,Activo hist,1122,0,0,,,,,,0,0,0,0,SEGEMAR
7,POINT(-69.2599999999999 -36.4099999999999),Payun Matru,Argentina,0,1,3769-I,BARRANCAS,3769I V 1,,,,No definido,,,,//,//,,,Activo Prehistcrico,3400,0,0,,,,,,0,0,0,0,SEGEMAR
8,POINT(-70.5699999999999 -35.24),Peteroa,Argentina/Chile,4107,1,3569-III,MALARGUE,3569III V 1,,,,No definido,,,,//1986,//,,,Activo hist,3603,0,0,,,,,,0,0,0,0,SEGEMAR
9,POINT(-70.5699999999999 -35.24),,Argentina/Chile,4107,1,3569-III,MALARGUE,3569III V 1,,,,No definido,no determinadas,no se sabe,no determinado,3/12/1762,//,,Estratovolcan,Activo histarico,0,0,0,Explosiva (si predomina la eyeccimn de tefras),,,,,0,0,0,0,SEGEMAR
10,POINT(-70.5699999999999 -35.24),Peteroa,Argentina/Chile,4107,1,3569-III,MALARGUE,3569III V 1,,,,No definido,no determinadas,no se sabe,no determinado,//1889,//1894,,,Activo histarico,3603,0,0,,,,,,0,1,0,0,SEGEMAR
11,POINT(-70.5699999999999 -35.24),Peteroa,Argentina/Chile,4107,1,3569-III,MALARGUE,3569III V 1,,,,No definido,,,,//1960,//,,,Activo hist,3603,0,0,,,,,,0,0,0,0,SEGEMAR
12,POINT(-70.5699999999999 -35.24),Planch n-Peteroa,Argentina/Chile,4107,1,3569-III,MALARGUE,3569III V 1,,,,No definido,no determinadas,no se sabe,no determinado,/2/1837,//,,,Activo histarico,0,0,0,,,,,,1,0,1,1,SEGEMAR
13,POINT(-70.5699999999999 -35.24),Peteroa,Argentina/Chile,4107,1,3569-III,MALARGUE,3569III V 1,,,,No definido,,,,6/11/1959,//,,Estratovolc,Activo hist,3603,0,0,Explosiva (si predomina la eyeccimn de tefras),,,,,0,0,0,0,SEGEMAR
14,POINT(-70.5699999999999 -35.24),Peteroa,Argentina/Chile,4107,1,3569-III,MALARGUE,3569III V 1,,,,No definido,,,,9/2/1991,//,,,Activo hist,3603,0,0,,,,,,0,0,0,0,SEGEMAR
15,POINT(-70.5699999999999 -35.24),Peteroa,Argentina/Chile,4107,1,3569-III,MALARGUE,3569III V 1,,,,No definido,no determinadas,no se sabe,no determinado,//1937,//,,Estratovolcan,Activo histarico,3603,0,0,Explosiva (si predomina la eyeccimn de tefras),,,,,0,0,0,1,SEGEMAR
16,POINT(-70.5699999999999 -35.24),Peteroa,Argentina/Chile,4107,1,3569-III,MALARGUE,3569III V 1,,,,No definido,,,,25/3/1985,//,,,Activo hist,3603,0,0,,,,,,0,0,0,0,SEGEMAR
17,POINT(-70.5699999999999 -35.24),Peteroa,Argentina/Chile,4107,1,3569-III,MALARGUE,3569III V 1,,,,No definido,,,,//1962,//,,,Activo hist,3603,0,0,,,,,,0,0,0,0,SEGEMAR
18,POINT(-70.5699999999999 -35.24),Peteroa,Argentina/Chile,4107,1,3569-III,MALARGUE,3569III V 1,,,,No definido,,,,//1967,//,,,Activo hist,3603,0,0,,,,,,0,0,0,0,SEGEMAR
19,POINT(-68.5299999999999 -24.7199999999999),Llullaillaco,Argentina/Chile,6739,1,2569-II,SOCOMPA,2569II V 1,,,,No definido,no determinadas,no se sabe,no determinado,10/2/1854,//,,,Activo histarico,6739,0,0,,,,,,0,0,0,0,SEGEMAR
20,POINT(-68.5299999999999 -24.7199999999999),Llullaillaco,Argentina/Chile,6739,1,2569-II,SOCOMPA,2569II V 1,,,,No definido,no determinadas,no se sabe,no determinado,//1868,//,,,Activo histarico,6739,0,0,,,,,,0,0,0,0,SEGEMAR
21,POINT(-68.5299999999999 -24.7199999999999),Llullaillaco,Argentina/Chile,6739,1,2569-II,SOCOMPA,2569II V 1,,,,No definido,no determinadas,no se sabe,no determinado,//1877,//,,,Activo histarico,6739,0,0,,,,,,0,0,0,0,SEGEMAR
22,POINT(-71.9299999999999 -39.4199999999999),Villarrica,Chile,2947,1,43-,PUCON,43 V 1,,,,"Da os sobre infraestructura urbana (viviendas, industrias, servicios pfblicos, etc), Daaos sobre la produccicn (ganado, cultivos)",no determinadas,no se sabe,no determinado,2/3/1964,21/4/1964,,Estratovolcan,Activo histarico,2947,0,2,Explosiva (si predomina la eyeccian de tefras),,,,,0,0,0,0,SEGEMAR
23,POINT(-71.9299999999999 -39.4199999999999),Villarrica,Chile,2947,1,43-,PUCON,43 V 1,,,,No definido,no determinadas,no se sabe,no determinado,//1780,//,,Estratovolcan,Activo histarico,2947,0,1,Explosiva (si predomina la eyeccian de tefras),,,,,0,0,0,0,SEGEMAR
24,POINT(-71.9299999999999 -39.4199999999999),Villarrica,Chile,2947,1,43-,PUCON,43 V 1,,,,"Da os sobre infraestructura urbana (viviendas, industrias, servicios pfblicos, etc), Daaos sobre la produccicn (ganado, cultivos)",no determinadas,no se sabe,no determinado,11/9/1984,18/11/1985,,Estratovolcan,Activo histarico,2947,0,2,Explosiva (si predomina la eyeccian de tefras),,,,,0,0,0,0,SEGEMAR
25,POINT(-71.9299999999999 -39.4199999999999),Villarrica,Chile,2947,1,43-,PUCON,43 V 1,,,,No definido,no determinadas,no se sabe,no determinado,3/10/1956,/11/1956,,Estratovolcan,Activo histarico,2947,0,1,Explosiva (si predomina la eyeccian de tefras),,,,,0,0,0,0,SEGEMAR
26,POINT(-71.9299999999999 -39.4199999999999),Villarrica,Chile,2947,1,43-,PUCON,43 V 1,,,,No definido,no determinadas,no se sabe,no determinado,//1880,//,,Estratovolcan,Activo histarico,2947,0,2,Explosiva (si predomina la eyeccian de tefras),,,,,0,0,0,0,SEGEMAR
27,POINT(-71.9299999999999 -39.4199999999999),Villarrica,Chile,2947,1,43-,PUCON,43 V 1,,,,No definido,no determinadas,no se sabe,no determinado,26/9/1994,30/12/1994,,Estratovolcan,Activo histarico,2947,0,1,Explosiva (si predomina la eyeccian de tefras),,,,,0,0,0,0,SEGEMAR
55,POINT(-71.9299999999999 -39.4199999999999),Villarrica,Chile,2947,1,43-,PUCON,43 V 1,,,,"Corte u obstruccidn de vlas de comunicacifn (rutas, caminos, puentes, ferrocarriles)",no determinadas,no se sabe,no determinado,/2/1998,/6/2002,,Estratovolcan,Activo histarico,2947,0,1,Explosiva (si predomina la eyeccimn de tefras),,,,,0,0,0,0,SEGEMAR
28,POINT(-71.9299999999999 -39.4199999999999),Villarrica,Chile,2947,1,43-,PUCON,43 V 1,,"Referencias a vrctimas fatales, danos a la tierra y a la propiedad","Referencias a vrctimas fatales, danos a la tierra y a la propiedad","Dafos sobre infraestructura urbana (viviendas, industrias, servicios pfblicos, etc), Daaos sobre la produccicn (ganado, cultivos)",no determinadas,no se sabe,no determinado,9/10/1948,3/2/1949,,Estratovolcan,Activo Prehist,2947,0,3,Explosiva (si predomina la eyeccian de tefras),,,,,0,0,0,0,SEGEMAR
29,POINT(-71.9299999999999 -39.4199999999999),Villarrica,Chile,2947,1,43-,PUCON,43 V 1,,,,No definido,no determinadas,no se sabe,no determinado,//1904,//,,Estratovolcan,Activo histarico,2947,0,2,Explosiva (si predomina la eyeccian de tefras),,,,,0,0,0,0,SEGEMAR
30,POINT(-71.9299999999999 -39.4199999999999),Villarrica,Chile,2947,1,43-,PUCON,43 V 1,,,,No definido,no determinadas,no se sabe,no determinado,4/2/1869,24/2/1869,,,Activo histarico,2947,0,2,,,,,,0,0,0,0,SEGEMAR
31,POINT(-71.9299999999999 -39.4199999999999),Villarrica,Chile,2947,1,43-,PUCON,43 V 1,,,,No definido,no determinadas,no se sabe,no determinado,7/11/1837,21/11/1837,,Estratovolcan,Activo histarico,2947,0,2,Explosiva (si predomina la eyeccian de tefras),,,,,0,0,0,0,SEGEMAR
210,POINT(-69.8999999999999 -33.7799999999999),San Josh,Argentina/Chile,5856,2,3369-III,CERRO TUPUNGATO,3369III V 2,,,,,,,,//1838,//,,,Activo hist,5856,0,0,,,,,,0,0,0,0,SEGEMAR
32,POINT(-71.9299999999999 -39.4199999999999),Villarrica,Chile,2947,1,43-,PUCON,43 V 1,,,,No definido,no determinadas,no se sabe,no determinado,/11/1853,//,,Estratovolcan,Activo histarico,2947,0,2,Explosiva (si predomina la eyeccian de tefras),,,,,0,0,0,0,SEGEMAR
33,POINT(-71.9299999999999 -39.4199999999999),Villarrica,Chile,2947,1,43-,PUCON,43 V 1,,,,No definido,no determinadas,no se sabe,no determinado,10/12/1921,//,,,Activo histarico,2947,0,2,,,,,,0,0,0,0,SEGEMAR
34,POINT(-71.9299999999999 -39.4199999999999),Villarrica,Chile,2947,1,43-,PUCON,43 V 1,,,,No definido,no determinadas,no se sabe,no determinado,10/4/1948,//,,Estratovolcan,Activo histarico,2947,0,2,Explosiva (si predomina la eyeccian de tefras),,,,,0,0,0,0,SEGEMAR
35,POINT(-71.9299999999999 -39.4199999999999),Villarrica,Chile,2947,1,43-,PUCON,43 V 1,,,,No definido,no determinadas,no se sabe,no determinado,//1777,//1779,,Estratovolcan,Activo histarico,2947,0,1,Explosiva (si predomina la eyeccian de tefras),,,,,0,0,0,0,SEGEMAR
36,POINT(-71.9299999999999 -39.4199999999999),Villarrica,Chile,2947,1,43-,PUCON,43 V 1,,,,No definido,no determinadas,no se sabe,no determinado,6/11/1958,21/12/1959,,Estratovolcan,Activo histarico,2947,0,1,Explosiva (si predomina la eyeccian de tefras),,,,,0,0,0,0,SEGEMAR
37,POINT(-71.9299999999999 -39.4199999999999),Villarrica,Chile,2947,1,43-,PUCON,43 V 1,,,,No definido,no determinadas,no se sabe,no determinado,12/3/1877,/5/1877,,Estratovolcan,Activo histarico,2947,0,2,Explosiva (si predomina la eyeccian de tefras),,,,,0,0,0,0,SEGEMAR
38,POINT(-71.9299999999999 -39.4199999999999),Villarrica,Chile,2947,1,43-,PUCON,43 V 1,,,,No definido,no determinadas,no se sabe,no determinado,14/10/1983,16/10/1983,,Estratovolcan,Activo histarico,2947,0,1,Explosiva (si predomina la eyeccian de tefras),,,,,0,0,0,0,SEGEMAR
39,POINT(-71.9299999999999 -39.4199999999999),Villarrica,Chile,2947,1,43-,PUCON,43 V 1,,,,No definido,no determinadas,no se sabe,no determinado,19/5/1859,12/4/1860,,Estratovolcan,Activo histarico,2947,0,2,Explosiva (si predomina la eyeccian de tefras),,,,,0,0,0,0,SEGEMAR
40,POINT(-71.9299999999999 -39.4199999999999),Villarrica,Chile,2947,1,43-,PUCON,43 V 1,,,,No definido,no determinadas,no se sabe,no determinado,2/2/1879,/3/1879,,Estratovolcan,Activo histarico,2947,0,2,Explosiva (si predomina la eyeccian de tefras),,,,,0,0,0,0,SEGEMAR
41,POINT(-71.9299999999999 -39.4199999999999),Villarrica,Chile,2947,1,43-,PUCON,43 V 1,,,,No definido,no determinadas,no se sabe,no determinado,24/10/1922,27/11/1922,,Estratovolcan,Activo histarico,2947,0,2,Explosiva (si predomina la eyeccian de tefras),,,,,0,0,0,0,SEGEMAR
42,POINT(-71.9299999999999 -39.4199999999999),Villarrica,Chile,2947,1,43-,PUCON,43 V 1,,,,No definido,no determinadas,no se sabe,no determinado,/8/2004,/1/2995,,Estratovolcan,Activo histarico,2947,0,1,Explosiva (si predomina la eyeccian de tefras),,,,,0,0,0,0,SEGEMAR
43,POINT(-71.9299999999999 -39.4199999999999),Villarrica,Chile,2947,1,43-,PUCON,43 V 1,,,,No definido,no determinadas,no se sabe,no determinado,/4/1995,/6/1995,,Estratovolcan,Activo histarico,2947,0,1,Explosiva (si predomina la eyeccian de tefras),,,,,0,0,0,0,SEGEMAR
44,POINT(-71.9299999999999 -39.4199999999999),Villarrica,Chile,2947,1,43-,PUCON,43 V 1,,,,No definido,no determinadas,no se sabe,no determinado,24/12/1832,//,,Estratovolcan,Activo histarico,2947,0,2,Explosiva (si predomina la eyeccian de tefras),,,,,0,0,0,0,SEGEMAR
45,POINT(-71.9299999999999 -39.4199999999999),Villarrica,Chile,2947,1,43-,PUCON,43 V 1,,,,No definido,no determinadas,no se sabe,no determinado,20/6/1980,24/9/1980,,Estratovolcan,Activo histarico,2947,0,1,Explosiva (si predomina la eyeccian de tefras),,,,,0,0,0,0,SEGEMAR
46,POINT(-71.9299999999999 -39.4199999999999),Villarrica,Chile,2947,1,43-,PUCON,43 V 1,,,,No definido,no determinadas,no se sabe,no determinado,14/12/1751,//,,Estratovolcan,Activo histarico,2947,0,1,Explosiva (si predomina la eyeccian de tefras),,,,,0,0,0,0,SEGEMAR
47,POINT(-71.9299999999999 -39.4199999999999),Villarrica,Chile,2947,1,43-,PUCON,43 V 1,,,,No definido,no determinadas,no se sabe,no determinado,//1883,//,,Estratovolcan,Activo histarico,2947,0,2,Explosiva (si predomina la eyeccian de tefras),,,,,0,0,0,0,SEGEMAR
48,POINT(-71.9299999999999 -39.4199999999999),Villarrica,Chile,2947,1,43-,PUCON,43 V 1,,,,No definido,no determinadas,no se sabe,no determinado,//1961,//,,Estratovolcan,Activo histarico,2947,0,1,Explosiva (si predomina la eyeccian de tefras),,,,,0,0,0,0,SEGEMAR
49,POINT(-71.9299999999999 -39.4199999999999),Villarrica,Chile,2947,1,43-,PUCON,43 V 1,,,,No definido,no determinadas,no se sabe,no determinado,22/4/1906,/12/1906,,Estratovolcan,Activo histarico,2947,0,2,Explosiva (si predomina la eyeccian de tefras),,,,,0,0,0,0,SEGEMAR
50,POINT(-71.9299999999999 -39.4199999999999),Villarrica,Chile,2947,1,43-,PUCON,43 V 1,,,,No definido,no determinadas,no se sabe,no determinado,//1815,//1818,,Estratovolcan,Activo histarico,2947,0,1,Explosiva (si predomina la eyeccian de tefras),,,,,0,0,0,0,SEGEMAR
51,POINT(-71.9299999999999 -39.4199999999999),Villarrica,Chile,2947,1,43-,PUCON,43 V 1,,,,No definido,no determinadas,no se sabe,no determinado,19/11/1822,25/11/1822,,Estratovolcan,Activo histarico,2947,0,2,Explosiva (si predomina la eyeccian de tefras),,,,,0,0,0,0,SEGEMAR
52,POINT(-71.9299999999999 -39.4199999999999),Villarrica,Chile,2947,1,43-,PUCON,43 V 1,,,,No definido,no determinadas,no se sabe,no determinado,//1742,//,,Estratovolcan,Activo histarico,2947,0,2,Explosiva (si predomina la eyeccian de tefras),,,,,0,0,0,0,SEGEMAR
53,POINT(-71.9299999999999 -39.4199999999999),Villarrica,Chile,2947,1,43-,PUCON,43 V 1,,,,No definido,no determinadas,no se sabe,no determinado,//1745,//,,Estratovolcan,Activo histarico,2947,0,1,Explosiva (si predomina la eyeccian de tefras),,,,,0,0,0,0,SEGEMAR
54,POINT(-71.9299999999999 -39.4199999999999),Villarrica,Chile,2947,1,43-,PUCON,43 V 1,,,,No definido,no determinadas,no se sabe,no determinado,/12/1759,//,,Estratovolcan,Activo histarico,2947,0,1,Explosiva (si predomina la eyeccian de tefras),,,,,0,0,0,0,SEGEMAR
56,POINT(-71.9299999999999 -39.4199999999999),Villarrica,Chile,2947,1,43-,PUCON,43 V 1,,,,No definido,no determinadas,no se sabe,no determinado,11/9/1992,/12/1992,,Estratovolcan,Activo histarico,2947,0,1,Explosiva (si predomina la eyeccimn de tefras),,,,,0,0,0,0,SEGEMAR
57,POINT(-71.9299999999999 -39.4199999999999),Villarrica,Chile,2947,1,43-,PUCON,43 V 1,,,,No definido,no determinadas,no se sabe,no determinado,/12/1938,/2/1939,,Estratovolcan,Activo histarico,2947,0,2,Explosiva (si predomina la eyeccimn de tefras),,,,,0,0,0,0,SEGEMAR
58,POINT(-71.9299999999999 -39.4199999999999),Villarrica,Chile,2947,1,43-,PUCON,43 V 1,,,,No definido,no determinadas,no se sabe,no determinado,/12/1893,/2/1894,,Estratovolcan,Activo histarico,2947,0,2,Explosiva (si predomina la eyeccimn de tefras),,,,,0,0,0,0,SEGEMAR
59,POINT(-71.9299999999999 -39.4199999999999),Villarrica,Chile,2947,1,43-,PUCON,43 V 1,,,,No definido,no determinadas,no se sabe,no determinado,//1960,//,,Estratovolcan,Activo histarico,2947,0,1,Explosiva (si predomina la eyeccimn de tefras),,,,,0,0,0,0,SEGEMAR
60,POINT(-71.9299999999999 -39.4199999999999),Villarrica,Chile,2947,1,43-,PUCON,43 V 1,,,,No definido,no determinadas,no se sabe,no determinado,24/12/1737,//,,Estratovolcan,Activo histarico,2947,0,2,Explosiva (si predomina la eyeccimn de tefras),,,,,0,0,0,0,SEGEMAR
61,POINT(-71.9299999999999 -39.4199999999999),Villarrica,Chile,2947,1,43-,PUCON,43 V 1,,,,No definido,no determinadas,no se sabe,no determinado,/12/1935,/6/1936,,Estratovolcan,Activo histarico,0,0,1,Explosiva (si predomina la eyeccimn de tefras),,,,,0,0,0,0,SEGEMAR
62,POINT(-71.9299999999999 -39.4199999999999),Villarrica,Chile,2947,1,43-,PUCON,43 V 1,,,,No definido,no determinadas,no se sabe,no determinado,/1/1996,//,,Estratovolcan,Activo histarico,2947,0,1,Explosiva (si predomina la eyeccimn de tefras),,,,,0,0,0,0,SEGEMAR
63,POINT(-71.9299999999999 -39.4199999999999),Villarrica,Chile,2947,1,43-,PUCON,43 V 1,,,,No definido,no determinadas,no se sabe,no determinado,//1947,//,,Estratovolcan,Activo histarico,2947,0,1,Explosiva (si predomina la eyeccimn de tefras),,,,,0,0,0,0,SEGEMAR
64,POINT(-71.9299999999999 -39.4199999999999),Villarrica,Chile,2947,1,43-,PUCON,43 V 1,,,,No definido,no determinadas,no se sabe,no determinado,//1927,//1928,,Estratovolcan,Activo histarico,2947,0,2,Explosiva (si predomina la eyeccimn de tefras),,,,,0,0,0,0,SEGEMAR
65,POINT(-71.9299999999999 -39.4199999999999),Villarrica,Chile,2947,1,43-,PUCON,43 V 1,,,,"Da os sobre infraestructura urbana (viviendas, industrias, servicios pfblicos, etc), Daaos sobre la produccicn (ganado, cultivos)",no determinadas,no se sabe,no determinado,29/10/1971,21/2/1972,3 x 10.000.000 m3,Estratovolc0n,Activo hist0rico,2947,0,2,Explosiva (si predomina la eyeccian de tefras),,,,,0,0,0,0,SEGEMAR
66,POINT(-71.9299999999999 -39.4199999999999),Villarrica,Chile,2947,1,43-,PUCON,43 V 1,,,,No definido,no determinadas,no se sabe,,30/9/1991,17/9/1991,,Estratovolcan,Activo histarico,2947,0,2,Explosiva (si predomina la eyeccian de tefras),,,,,0,0,0,0,SEGEMAR
67,POINT(-71.9299999999999 -39.4199999999999),Villarrica,Chile,2947,1,43-,PUCON,43 V 1,,,,No definido,no determinadas,no se sabe,no determinado,16/4/1874,//,,Estratovolcan,Activo histarico,2947,0,2,Explosiva (si predomina la eyeccian de tefras),,,,,0,0,0,0,SEGEMAR
68,POINT(-71.9299999999999 -39.4199999999999),Villarrica,Chile,2947,1,43-,PUCON,43 V 1,,,,No definido,no determinadas,no se sabe,no determinado,/5/2003,/3/2004,,Complejo Volconico,Activo histlrico,2947,0,1,Efusiva (si predominan lavas),,,,,0,0,0,0,SEGEMAR
69,POINT(-71.9299999999999 -39.4199999999999),Villarrica,Chile,2947,1,43-,PUCON,43 V 1,,,,No definido,no determinadas,no se sabe,no determinado,/10/1864,//,,Estratovolcan,Activo histarico,2947,0,2,Explosiva (si predomina la eyeccian de tefras),,,,,0,0,0,0,SEGEMAR
70,POINT(-71.9299999999999 -39.4199999999999),Villarrica,Chile,2947,1,43-,PUCON,43 V 1,,,,No definido,no determinadas,no se sabe,,/5/1907,/5/1907,,Estratovolcan,Activo histarico,2947,0,2,Explosiva (si predomina la eyeccian de tefras),,,,,0,0,0,0,SEGEMAR
71,POINT(-71.9299999999999 -39.4199999999999),Villarrica,Chile,2947,1,43-,PUCON,43 V 1,,,,No definido,no determinadas,no se sabe,no determinado,19/8/1909,//1910,,Estratovolcan,Activo histarico,2947,0,2,Explosiva (si predomina la eyeccian de tefras),,,,,0,0,0,0,SEGEMAR
72,POINT(-71.9299999999999 -39.4199999999999),Villarrica,Chile,2947,1,43-,PUCON,43 V 1,,,,"Corte u obstruccidn de vlas de comunicacifn (rutas, caminos, puentes, ferrocarriles)",no determinadas,no se sabe,no determinado,14/9/1996,/8/1996,,Estratovolcan,Activo histarico,2947,0,1,Explosiva (si predomina la eyeccimn de tefras),,,,,0,0,0,0,SEGEMAR
73,POINT(-71.9299999999999 -39.4199999999999),Villarrica,Chile,2947,1,43-,PUCON,43 V 1,,,,No definido,no determinadas,no se sabe,no determinado,/1/1790,//,,Estratovolcan,Activo histarico,2947,0,1,Explosiva (si predomina la eyeccimn de tefras),,,,,0,0,0,0,SEGEMAR
74,POINT(-71.9299999999999 -39.4199999999999),Villarrica,Chile,2947,1,43-,PUCON,43 V 1,,,,No definido,no determinadas,no se sabe,no determinado,26/1/1977,30/1/1977,,Estratovolcan,Activo histarico,2947,0,1,Explosiva (si predomina la eyeccimn de tefras),,,,,0,0,0,0,SEGEMAR
100,POINT(-69.7999999999999 -33.3999999999999),Tupungatito,Argentina/Chile,6000,1,3369-III,CERRO TUPUNGATO,3369III V 1,,,,No definido,no determinadas,no se sabe,no determinado,//1861,//,,,Activo histarico,6000,0,0,,,,,,0,0,0,0,SEGEMAR
75,POINT(-71.9299999999999 -39.4199999999999),Villarrica,Chile,2947,1,43-,PUCON,43 V 1,,,,"Da os sobre infraestructura urbana (viviendas, industrias, servicios pfblicos, etc), Daaos sobre la produccicn (ganado, cultivos)",,no se sabe,no determinado,/2/1963,/9/1963,,Estratovolcan,Activo histarico,2947,0,3,Explosiva (si predomina la eyeccian de tefras),,,,,0,0,0,0,SEGEMAR
76,POINT(-71.9299999999999 -39.4199999999999),Villarrica,Chile,2947,1,43-,PUCON,43 V 1,,,,No definido,no determinadas,no se sabe,no determinado,17/11/1875,//1876,,Estratovolcan,Activo histarico,2947,0,2,Explosiva (si predomina la eyeccian de tefras),,,,,0,0,0,0,SEGEMAR
77,POINT(-71.9299999999999 -39.4199999999999),Villarrica,Chile,2947,1,43-,PUCON,43 V 1,,,,No definido,no determinadas,no se sabe,no determinado,27/12/1929,//,,Estratovolcan,Activo histarico,2947,0,1,Explosiva (si predomina la eyeccian de tefras),,,,,0,0,0,0,SEGEMAR
78,POINT(-71.9299999999999 -39.4199999999999),Villarrica,Chile,2947,1,43-,PUCON,43 V 1,,,,No definido,no determinadas,no se sabe,no determinado,/4/1806,/5/1806,,Estratovolcan,Activo histarico,2947,0,2,Explosiva (si predomina la eyeccian de tefras),,,,,0,0,0,0,SEGEMAR
79,POINT(-71.9299999999999 -39.4199999999999),Villarrica,Chile,2947,1,43-,PUCON,43 V 1,,,,No definido,no determinadas,no se sabe,no determinado,//1716,//,,Estratovolcan,Activo histarico,2947,0,1,Explosiva (si predomina la eyeccian de tefras),,,,,0,0,0,0,SEGEMAR
80,POINT(-71.9299999999999 -39.4199999999999),Villarrica,Chile,2947,1,43-,PUCON,43 V 1,,,,No definido,no determinadas,no se sabe,no determinado,10/12/1920,13/12/1920,,Estratovolcan,Activo histarico,2947,0,2,Explosiva (si predomina la eyeccian de tefras),,,,,0,0,0,0,SEGEMAR
81,POINT(-71.9299999999999 -39.4199999999999),Villarrica,Chile,2947,1,43-,PUCON,43 V 1,,,,No definido,no determinadas,no se sabe,no determinado,//1915,//1918,,Estratovolcan,Activo histarico,2947,0,1,Explosiva (si predomina la eyeccian de tefras),,,,,0,0,0,0,SEGEMAR
82,POINT(-71.9299999999999 -39.4199999999999),Villarrica,Chile,2947,1,43-,PUCON,43 V 1,,,,No definido,no determinadas,no se sabe,no determinado,//1852,//,,,Activo histarico,2947,0,0,,,,,,0,0,0,0,SEGEMAR
83,POINT(-71.9299999999999 -39.4199999999999),Villarrica,Chile,2947,1,43-,PUCON,43 V 1,,,,No definido,no determinadas,no se sabe,no determinado,31/10/1908,/12/1908,,Estratovolcan,Activo histarico,2947,0,2,Explosiva (si predomina la eyeccian de tefras),,,,,0,0,0,0,SEGEMAR
84,POINT(-71.9299999999999 -39.4199999999999),Villarrica,Chile,2947,1,43-,PUCON,43 V 1,,,,No definido,no determinadas,no se sabe,no determinado,8/7/1730,//,,Estratovolcan,Activo histarico,2947,0,2,Explosiva (si predomina la eyeccian de tefras),,,,,0,0,0,0,SEGEMAR
85,POINT(-71.9299999999999 -39.4199999999999),Villarrica,Chile,2947,1,43-,PUCON,43 V 1,,,,No definido,no determinadas,no se sabe,no determinado,//1787,//,,,Activo histarico,2947,0,2,,,,,,0,0,0,0,SEGEMAR
86,POINT(-71.9299999999999 -39.4199999999999),Villarrica,Chile,2947,1,43-,PUCON,43 V 1,,,,No definido,no determinadas,no se sabe,no determinado,5/1/1933,18/1/1933,,Estratovolcan,Activo histarico,2947,0,1,Explosiva (si predomina la eyeccian de tefras),,,,,0,0,0,0,SEGEMAR
87,POINT(-71.9299999999999 -39.4199999999999),Villarrica,Chile,2947,1,43-,PUCON,43 V 1,,,,No definido,no determinadas,no se sabe,no determinado,/12/1897,/2/1898,,Estratovolcan,Activo histarico,2947,0,2,Explosiva (si predomina la eyeccian de tefras),,,,,0,0,0,0,SEGEMAR
88,POINT(-73.3999999999999 -52.3299999999999),Monte Burney,Chile,1758,1,62-,SENO SKYRING,62 V 1,,,,No definido,no determinadas,no se sabe,no determinado,//1910,//,,,Activo histarico,1758,0,0,,,,,,0,0,0,0,SEGEMAR
89,POINT(-72.6329999999999 -42.9829999999999),Chaiton,Chile,0,1,4372-IV,TREVELIN,4372IV V 1,,,,No definido,,,,//,//,,,Activo hist,1122,0,0,,,,,,0,0,0,0,SEGEMAR
90,POINT(-72.6329999999999 -42.9829999999999),Chaiton,Chile,0,1,4372-IV,TREVELIN,4372IV V 1,"La columna eruptiva alcanzo las regilnes de Aisen y  Palena: localidades de Futaleuf  y Chaitbn en Chile. Tambi(n  Esquel, Trevelin,  Corcovado, Bariloche, Parque Nacional los Alerces, Trelew, Pto Madryn, Rawson y C. Rivadavia en Argentina","Las cenizas llegaron al sur y centro de Neuquin, NO- centro- este de Chubut, NE de Santa Cruz,  Rno Negro y sur de Buenos Aires. Las principales localidaes afectadas son: Esquel, EL Maitrn, Cholila, El Hoyo,Trevel n, Corcovado, El Bolstn, Jacobacci y el","Las cenizas llegaron al sur y centro de Neuquin, NO- centro- este de Chubut, NE de Santa Cruz,  Rno Negro y sur de Buenos Aires. Las principales localidaes afectadas son: Esquel, EL Maitrn, Cholila, El Hoyo,Trevel n, Corcovado, El Bolstn, Jacobacci y el","Corte u obstruccirn de vsas de comunicacien (rutas, caminos, puentes, ferrocarriles), Da os sobre infraestructura urbana (viviendas, industrias, servicios pablicos, etc), Daqos sobre la poblaciln (personas evacuadas, aislamientos de ciudades, enfermedade",no determinadas,0,no determinado,1/5/2008,//,,Estratovolcan,Activo histarico,1122,0,4,Explosiva (si predomina la eyeccimn de tefras),,,Fxlsicas (riolpticas-riodaceticas),,1,0,0,0,SEGEMAR
91,POINT(-68.2799999999999 -27.0399999999999),Nevado de Incahuasi,Argentina/Chile,6621,2,2769-IV,FIAMBALA,2769IV V 2,,,,No definido,,,,//,//,,,Activo Prehisterico,6621,0,1,,,,,,0,0,0,0,SEGEMAR
92,POINT(-67.7699999999999 -24.2499999999999),Aracar,Argentina,6082,3,2569-II,SOCOMPA,2569II V 3,,,,No definido,,,,//,//,,,Activo hist,6082,0,0,,,,,Intermedias (andesit-cas-dactticas),0,0,0,0,SEGEMAR
93,POINT(-67.4999999999999 -26.0799999999999),Antofagasta dela Sierra,Argentina,4000,1,2766-I,SANTA MARIA,2766I V 1,,,,No definido,,,,//,//,,,Activo Prehistlrico,4000,0,0,,,,,,0,0,0,0,SEGEMAR
94,POINT(-68.2499999999999 -24.3999999999999),Socompa,Argentina/Chile,6051,2,2569-II,SOCOMPA,2569II V 2,,,,No definido,,,,//,//,,,,6051,0,2,,,,F/lsicas (rioleticas-riodaccticas),,0,0,0,0,SEGEMAR
95,POINT(-68.3699999999999 -25.0799999999999),Cerro Escorial,Argentina/Chile,5447,1,2569-IV,ANTOFALLA,2569IV V 1,,,,No definido,,,,//,//,,,Activo Prehisterico,5447,0,1,,,,,,0,0,0,0,SEGEMAR
96,POINT(-68.4999999999999 -25.17),Lastarria,Argentina/Chile,5697,2,2569-IV,ANTOFALLA,2569IV V 2,,,,No definido,,,,//,//,,,Activo Prehisterico,5697,0,1,,,,,,0,0,0,0,SEGEMAR
97,POINT(-68.5799999999999 -26.4799999999999),Sierra Nevada,Argentina/Chile,6127,1,2769-II,PASO DE SAN FRANCISCO,2769II V 1,,,,No definido,,,,//,//,,,Activo PrehistArico,6127,0,1,,,,,Intermedias (andesitOcas-dactticas),0,0,0,0,SEGEMAR
98,POINT(-69.7999999999999 -33.3999999999999),Tupungatito,Argentina/Chile,6000,1,3369-III,CERRO TUPUNGATO,3369III V 1,,,,,,,,//1961,//,,,Activo hist,6000,0,0,,,,,,0,0,0,0,SEGEMAR
99,POINT(-69.7999999999999 -33.3999999999999),Tupungatito,Argentina/Chile,6000,1,3369-III,CERRO TUPUNGATO,3369III V 1,,,,No definido,no determinadas,no se sabe,no determinado,//1881,//,,,Activo histarico,6000,0,0,,,,,,0,0,0,0,SEGEMAR
101,POINT(-69.7999999999999 -33.3999999999999),Tupungatito,Argentina/Chile,6000,1,3369-III,CERRO TUPUNGATO,3369III V 1,,,,,,,,//1964,//,,,Activo hist,6000,0,0,,,,,,0,0,0,0,SEGEMAR
102,POINT(-69.7999999999999 -33.3999999999999),Tupungatito,Argentina/Chile,6000,1,3369-III,CERRO TUPUNGATO,3369III V 1,,,,No definido,no determinadas,no se sabe,no determinado,//1901,//,,,Activo histarico,6000,0,0,,,,,,0,0,0,0,SEGEMAR
103,POINT(-69.7999999999999 -33.3999999999999),Tupungatito,Argentina/Chile,6000,1,3369-III,CERRO TUPUNGATO,3369III V 1,,,,,,,,//1960,//,,,Activo hist,6000,0,0,,,,,,0,0,0,0,SEGEMAR
104,POINT(-69.7999999999999 -33.3999999999999),Tupungatito,Argentina/Chile,6000,1,3369-III,CERRO TUPUNGATO,3369III V 1,,,,No definido,no determinadas,no se sabe,no determinado,//1835,//,,,Activo histarico,6000,0,0,,,,,,0,0,0,0,SEGEMAR
105,POINT(-69.7999999999999 -33.3999999999999),Tupungatito,Argentina/Chile,6000,1,3369-III,CERRO TUPUNGATO,3369III V 1,,,,No definido,no determinadas,no se sabe,no determinado,//1889,//,,,Activo histarico,6000,0,0,,,,,,0,0,0,0,SEGEMAR
106,POINT(-69.7999999999999 -33.3999999999999),Tupungatito,Argentina/Chile,6000,1,3369-III,CERRO TUPUNGATO,3369III V 1,,,,,,,,//1959,//,,,Activo hist,6000,0,0,,,,,,0,0,0,0,SEGEMAR
107,POINT(-69.7999999999999 -33.3999999999999),Tupungatito,Argentina/Chile,6000,1,3369-III,CERRO TUPUNGATO,3369III V 1,,,,No definido,no determinadas,no se sabe,no determinado,//1986,//,,,Activo histarico,6000,0,0,,,,,,0,0,0,0,SEGEMAR
138,POINT(-67.7299999999999 -23.3699999999999),Lascar,Chile,5592,1,12-,TOCONAO,12 V 1,,,,No definido,no determinadas,no se sabe,no determinado,//1883,//,,,Activo histarico,5592,0,0,,,,,,0,0,0,0,SEGEMAR
108,POINT(-69.7999999999999 -33.3999999999999),Tupungatito,Argentina/Chile,6000,1,3369-III,CERRO TUPUNGATO,3369III V 1,,,,No definido,no determinadas,no se sabe,no determinado,//1925,//,,,Activo histarico,6000,0,0,,,,,,0,0,0,0,SEGEMAR
109,POINT(-69.7999999999999 -33.3999999999999),Tupungatito,Argentina/Chile,6000,1,3369-III,CERRO TUPUNGATO,3369III V 1,,La actividad sOsmica superficial del volcfn causa avalanchas en las nacientes del  Parraguirre Colorado,La actividad sOsmica superficial del volcfn causa avalanchas en las nacientes del  Parraguirre Colorado,"Da os sobre infraestructura urbana (viviendas, industrias, servicios pcblicos, etc)",,11-50,,28/11/1987,30/11/1987,,,Activo hist rico,6000,0,0,,,,,,0,0,0,0,SEGEMAR
110,POINT(-69.7999999999999 -33.3999999999999),Tupungatito,Argentina/Chile,6000,1,3369-III,CERRO TUPUNGATO,3369III V 1,,,,No definido,no determinadas,no se sabe,no determinado,//1980,//,,,Activo histarico,6000,0,0,,,,,,0,0,0,0,SEGEMAR
111,POINT(-69.7999999999999 -33.3999999999999),Tupungatito,Argentina/Chile,6000,1,3369-III,CERRO TUPUNGATO,3369III V 1,,,,,,,,//1946,//,,,Activo hist,6000,0,0,,,,,,0,0,0,0,SEGEMAR
112,POINT(-69.7999999999999 -33.3999999999999),Tupungatito,Argentina/Chile,6000,1,3369-III,CERRO TUPUNGATO,3369III V 1,,,,No definido,no determinadas,no se sabe,no determinado,//1907,//,,,Activo histarico,6000,0,0,,,,,,0,0,0,0,SEGEMAR
113,POINT(-69.7999999999999 -33.3999999999999),Tupungatito,Argentina/Chile,6000,1,3369-III,CERRO TUPUNGATO,3369III V 1,,,,,,,,//1968,//,,,Activo hist,6000,0,0,,,,,,0,0,0,0,SEGEMAR
114,POINT(-69.7999999999999 -33.3999999999999),Tupungatito,Argentina/Chile,6000,1,3369-III,CERRO TUPUNGATO,3369III V 1,,,,No definido,no determinadas,no se sabe,no determinado,//1897,//,,,Activo histarico,6000,0,0,,,,,,0,0,0,0,SEGEMAR
115,POINT(-69.7999999999999 -33.3999999999999),Tupungatito,Argentina/Chile,6000,1,3369-III,CERRO TUPUNGATO,3369III V 1,,,,No definido,no determinadas,no se sabe,no determinado,//1829,//,,,Activo histarico,6000,0,0,,,,,,0,0,0,0,SEGEMAR
116,POINT(-68.7199999999999 -27.1199999999999),El Solo,Argentina/Chile,6190,3,2769-IV,FIAMBALA,2769IV V 3,,,,No definido,,,,//,//,,,Activo Prehisterico,6190,0,1,,,,,Fclsicas (rioleticas-riodac ticas),0,0,0,0,SEGEMAR
117,POINT(-71.4999999999999 -39.6299999999999),Lansn,Argentina/Chile,3747,1,3972-IV,JUNIN DE LOS ANDES,3972IV V 1,,,,No definido,,,,//,//,,,Activo PrehistNrico,3747,0,1,,,,,,0,0,0,0,SEGEMAR
118,POINT(-71.5799999999999 -38.377),Lonquimay,Chile,2865,1,41-,CURA CAUTIN,41 V 1,,,,No definido,no determinadas,no se sabe,no determinado,//1989,//,,,Activo histarico,2865,0,0,,,,,,0,0,0,0,SEGEMAR
119,POINT(-71.5799999999999 -38.377),Lonquimay,Chile,2865,1,41-,CURA CAUTIN,41 V 1,,,,No definido,no determinadas,no se sabe,no determinado,//1988,//,,,Activo histarico,2865,0,0,,,,,,0,0,0,0,SEGEMAR
120,POINT(-71.1699999999999 -37.8499999999999),Copahue,Argentina/Chile,2965,1,3772-IV,ANDACOLLO,3772IV V 1,,,,No definido,no determinadas,no se sabe,no determinado,//1750,//,,,Activo histarico,2997,0,0,,,,,,0,0,0,0,SEGEMAR
121,POINT(-71.1699999999999 -37.8499999999999),Copahue,Argentina/Chile,2965,1,3772-IV,ANDACOLLO,3772IV V 1,,,,No definido,no determinadas,no se sabe,no determinado,/7/1992,//,,,Activo histarico,2997,0,0,,,,,,0,1,0,0,SEGEMAR
122,POINT(-71.1699999999999 -37.8499999999999),Copahue,Argentina/Chile,2965,1,3772-IV,ANDACOLLO,3772IV V 1,,,,No definido,no determinadas,no se sabe,no determinado,//1867,//,,,Activo histarico,2997,0,0,,,,,,0,0,0,0,SEGEMAR
123,POINT(-71.1699999999999 -37.8499999999999),Copahue,Argentina/Chile,2965,1,3772-IV,ANDACOLLO,3772IV V 1,,,,No definido,no determinadas,no se sabe,no determinado,//1961,//,,,Activo histarico,2997,0,0,,,,,,0,0,0,0,SEGEMAR
124,POINT(-71.1699999999999 -37.8499999999999),Copahue,Argentina/Chile,2965,1,3772-IV,ANDACOLLO,3772IV V 1,,,,No definido,no determinadas,no se sabe,no determinado,//1769,//,,,Activo histarico,2997,0,0,,,,,,0,0,0,0,SEGEMAR
125,POINT(-71.1699999999999 -37.8499999999999),Copahue,Argentina/Chile,2965,1,3772-IV,ANDACOLLO,3772IV V 1,,Cenizas volcinicas,Cenizas volcinicas,No definido,no determinadas,no se sabe,no determinado,//2000,//,,,Activo histarico,2997,0,0,,,,,,0,0,0,0,SEGEMAR
126,POINT(-71.1699999999999 -37.8499999999999),Copahue,Argentina/Chile,2965,1,3772-IV,ANDACOLLO,3772IV V 1,,,,No definido,no determinadas,no se sabe,no determinado,//1937,//,,,Activo histarico,2997,0,0,,,,,,0,0,0,0,SEGEMAR
127,POINT(-71.1699999999999 -37.8499999999999),Copahue,Argentina/Chile,2965,1,3772-IV,ANDACOLLO,3772IV V 1,,,,No definido,,,,22/12/2012,//,,,Activo hist,2997,0,0,,,,,,0,0,0,0,SEGEMAR
128,POINT(-68.5299999999999 -27.1199999999999),Nevado Ojos del Salado,Argentina/Chile,6887,1,2769-IV,FIAMBALA,2769IV V 1,,,,No definido,no determinadas,no se sabe,no determinado,//,//,,Estratovolcan,Activo histarico,6887,0,1,Explosiva (si predomina la eyecci)n de tefras),,,,,0,0,0,0,SEGEMAR
129,POINT(-68.5199999999999 -25.3299999999999),Cordon del Azufre,Argentina/Chile,5463,3,2569-IV,ANTOFALLA,2569IV V 3,,,,No definido,,,,//,//,,,Activo Prehisterico,5463,0,1,,,,,,0,0,0,0,SEGEMAR
130,POINT(-67.7299999999999 -23.3699999999999),Lascar,Chile,5592,1,12-,TOCONAO,12 V 1,,,,No definido,no determinadas,no se sabe,no determinado,18/4/2006,//,,,Activo histarico,5592,0,0,,,,,,0,0,0,0,SEGEMAR
131,POINT(-67.7299999999999 -23.3699999999999),Lascar,Chile,5592,1,12-,TOCONAO,12 V 1,,,,No definido,no determinadas,no se sabe,no determinado,/7/2000,//,,,Activo histarico,5592,0,0,,,,,,0,0,0,0,SEGEMAR
132,POINT(-67.7299999999999 -23.3699999999999),Lascar,Chile,5592,1,12-,TOCONAO,12 V 1,,,,No definido,no determinadas,no se sabe,no determinado,//1902,//,,,Activo histarico,5592,0,0,,,,,,0,0,0,0,SEGEMAR
133,POINT(-67.7299999999999 -23.3699999999999),Lascar,Chile,5592,1,12-,TOCONAO,12 V 1,,,,No definido,no determinadas,no se sabe,no determinado,//1940,//,,,Activo histarico,5592,0,0,,,,,,0,0,0,0,SEGEMAR
134,POINT(-67.7299999999999 -23.3699999999999),Lascar,Chile,5592,1,12-,TOCONAO,12 V 1,,,,No definido,no determinadas,no se sabe,no determinado,//1875,//,,,Activo histarico,5592,0,0,,,,,,0,0,0,0,SEGEMAR
135,POINT(-67.7299999999999 -23.3699999999999),Lascar,Chile,5592,1,12-,TOCONAO,12 V 1,,,,No definido,no determinadas,no se sabe,no determinado,//1991,//,,,Activo histarico,5592,0,0,,,,,,0,0,0,0,SEGEMAR
136,POINT(-67.7299999999999 -23.3699999999999),Lascar,Chile,5592,1,12-,TOCONAO,12 V 1,,,,,no determinadas,no se sabe,no determinado,//1853,//,,,Activo histarico,5592,0,0,,,,,,0,0,0,0,SEGEMAR
137,POINT(-67.7299999999999 -23.3699999999999),Lascar,Chile,5592,1,12-,TOCONAO,12 V 1,,,,No definido,no determinadas,no se sabe,no determinado,//1848,//,,,Activo histarico,5592,0,0,,,,,,0,0,0,0,SEGEMAR
139,POINT(-67.7299999999999 -23.3699999999999),Lascar,Chile,5592,1,12-,TOCONAO,12 V 1,,,,No definido,no determinadas,no se sabe,no determinado,20/2/1990,//,,Estratovolcan,Activo histarico,5592,0,0,Explosiva (si predomina la eyecci)n de tefras),,,,,0,1,0,0,SEGEMAR
140,POINT(-67.7299999999999 -23.3699999999999),Lascar,Chile,5592,1,12-,TOCONAO,12 V 1,,,,No definido,no determinadas,no se sabe,no determinado,/9/1986,//,,,Activo histarico,5592,0,0,,,,,,0,0,0,0,SEGEMAR
141,POINT(-67.7299999999999 -23.3699999999999),Lascar,Chile,5592,1,12-,TOCONAO,12 V 1,,,,No definido,no determinadas,no se sabe,no determinado,//1972,//,,,Activo histarico,5592,0,0,,,,,,0,1,0,0,SEGEMAR
142,POINT(-67.7299999999999 -23.3699999999999),Lascar,Chile,5592,1,12-,TOCONAO,12 V 1,,,,No definido,no determinadas,no se sabe,no determinado,//1933,//,,,Activo histarico,5592,0,0,,,,,,0,0,0,0,SEGEMAR
143,POINT(-67.7299999999999 -23.3699999999999),Lascar,Chile,5592,1,12-,TOCONAO,12 V 1,,,,No definido,no determinadas,no se sabe,no determinado,/11/1951,/1/1952,,,Activo histarico,5592,0,0,,,,,,0,0,0,0,SEGEMAR
144,POINT(-67.7299999999999 -23.3699999999999),Lascar,Chile,5592,1,12-,TOCONAO,12 V 1,,,,,no determinadas,no se sabe,no determinado,//1854,//,,,Activo histarico,5592,0,0,,,,,,0,0,0,0,SEGEMAR
145,POINT(-67.7299999999999 -23.3699999999999),Lascar,Chile,5592,1,12-,TOCONAO,12 V 1,"Ciudad de Salta, ubicada a 285 km del volcrn",,,No definido,no determinadas,no se sabe,no determinado,/5/2005,//,,,Activo histarico,5592,0,0,,,,,,0,0,0,0,SEGEMAR
230,POINT(-72.49 -41.0999999999999),Osorno,Chile,2652,1,45-,PTO. MONTT,45 V 1,,,,No definido,no determinadas,no se sabe,no determinado,//1575,//,,,Activo histarico,2652,0,0,,,,,,0,0,0,0,SEGEMAR
146,POINT(-67.7299999999999 -23.3699999999999),Lascar,Chile,5592,1,12-,TOCONAO,12 V 1,"Amplia superficie del Noroeste Argentino, Uruguay, sur de Brasil, y sur de Paraguay",muerte de ganado por acumulaci n de cenizas en el vell n y por empantanamiento. Suspensign de vuelos en el Aeropuerto de Horacio Guzmin (Jujuy) y demoras en todos los vuelos que atravesaban el norte de Argentina.,muerte de ganado por acumulaci n de cenizas en el vell n y por empantanamiento. Suspensign de vuelos en el Aeropuerto de Horacio Guzmin (Jujuy) y demoras en todos los vuelos que atravesaban el norte de Argentina.,"Daeos sobre la producciun (ganado, cultivos)",no determinadas,no se sabe,no determinado,/4/1993,//,"aprox. 0,1 km3 (material juvenil)",Estratovolckn,Activo histkrico,5592,0,0,Explosiva (si predomina la eyecci,,"flujos pirocl sticos pumlceos-nubes de ceniza-dep sitos de carda: fragmentos pumSceos y escorivceos: bloques y lapilli, fragmentos lmticos correspondientes a bombas provenientes del domo y fragmentos l ticos accidentales incorporados del edificio volcani",,,1,0,0,0,SEGEMAR
147,POINT(-70.7499999999999 -35.5799999999999),Descabezado Grande,Chile,3956,1,35-,TALCA,35 V 1,Loas cenizas se esparcieron en una amplia zona,Las cenizas volcenicas llegaron hasta la Ciudad de Buenos Aires y quedaron suspendidas en la atmesfera durante meses. Se cree que pudo influir en una disminucion de las temperaturas medias (La Nacion 11-04-2002).,Las cenizas volcenicas llegaron hasta la Ciudad de Buenos Aires y quedaron suspendidas en la atmesfera durante meses. Se cree que pudo influir en una disminucion de las temperaturas medias (La Nacion 11-04-2002).,No definido,no determinadas,no se sabe,no determinado,/4/1932,//,,,Activo Prehist,3956,0,0,,,,,,0,0,0,0,SEGEMAR
148,POINT(-67.8699999999999 -22.5699999999999),Putana,Chile,5890,1,10-,CALAMA,10 V 1,,,,,,,,//1972,//,,,Activo Prehist,5890,0,0,,,,,,0,0,0,0,SEGEMAR
149,POINT(-67.8699999999999 -22.5699999999999),Putana,Chile,5890,1,10-,CALAMA,10 V 1,,,,No definido,no determinadas,no se sabe,no determinado,//1810,//,,,Activo Prehist,5890,0,0,,,,,,0,0,0,0,SEGEMAR
150,POINT(-66.4799999999999 -24.05),Tuzgle,Argentina,5500,1,2566-I,SAN ANTONIO DE LOS COBRES,2566I V 1,,,,No definido,,,,//,//,,,Activo Prehist rico,5500,0,1,,,,,,0,0,0,0,SEGEMAR
151,POINT(-71.7299999999999 -38.6899999999999),Llaima,Chile,3125,2,41-,CURA CAUTIN,41 V 2,,,,No definido,no determinadas,no se sabe,no determinado,4/2/1917,//,,Estratovolcan,Activo histarico,3125,0,2,Explosiva (si predomina la eyeccian de tefras),,,,,0,0,0,0,SEGEMAR
152,POINT(-71.7299999999999 -38.6899999999999),Llaima,Chile,3125,2,41-,CURA CAUTIN,41 V 2,,,,No definido,no determinadas,no se sabe,no determinado,9/4/2003,16/4/2003,,Estratovolcan,Activo histarico,3125,0,2,Explosiva (si predomina la eyeccian de tefras),,,,,0,0,0,0,SEGEMAR
153,POINT(-71.7299999999999 -38.6899999999999),Llaima,Chile,3125,2,41-,CURA CAUTIN,41 V 2,,,,No definido,no determinadas,no se sabe,no determinado,20/4/1984,26/11/1984,,Estratovolcan,Activo histarico,3125,0,2,Explosiva (si predomina la eyeccian de tefras),,,,,0,0,0,0,SEGEMAR
154,POINT(-71.7299999999999 -38.6899999999999),Llaima,Chile,3125,2,41-,CURA CAUTIN,41 V 2,,,,No definido,no determinadas,no se sabe,no determinado,15/10/1979,28/11/1979,,Estratovolcan,Activo histarico,3125,0,2,Explosiva (si predomina la eyeccian de tefras),,,,,0,0,0,0,SEGEMAR
155,POINT(-71.7299999999999 -38.6899999999999),Llaima,Chile,3125,2,41-,CURA CAUTIN,41 V 2,,,,No definido,no determinadas,no se sabe,no determinado,//1912,//,,Estratovolcan,Activo histarico,3125,0,2,Explosiva (si predomina la eyeccian de tefras),,,,,0,0,0,0,SEGEMAR
156,POINT(-71.7299999999999 -38.6899999999999),Llaima,Chile,3125,2,41-,CURA CAUTIN,41 V 2,,,,No definido,no determinadas,no se sabe,no determinado,3/7/1914,//,,Estratovolcan,Activo histarico,3125,0,2,Explosiva (si predomina la eyeccian de tefras),,,,,0,0,0,0,SEGEMAR
157,POINT(-71.7299999999999 -38.6899999999999),Llaima,Chile,3125,2,41-,CURA CAUTIN,41 V 2,,,,No definido,no determinadas,no se sabe,no determinado,13/10/1995,22/10/1995,,Estratovolcan,Activo histarico,3125,0,2,Explosiva (si predomina la eyeccian de tefras),,,,,0,0,0,0,SEGEMAR
158,POINT(-71.7299999999999 -38.6899999999999),Llaima,Chile,3125,2,41-,CURA CAUTIN,41 V 2,,,,No definido,no determinadas,no se sabe,no determinado,/9/1949,//,,Estratovolcan,Activo histarico,3125,0,2,Explosiva (si predomina la eyeccian de tefras),,,,,0,0,0,0,SEGEMAR
159,POINT(-71.7299999999999 -38.6899999999999),Llaima,Chile,3125,2,41-,CURA CAUTIN,41 V 2,,Victimas fatales,Victimas fatales,"Dacos sobre infraestructura urbana (viviendas, industrias, servicios pablicos, etc), Daeos sobre la produccitn (ganado, cultivos)",no determinadas,1-10,no determinado,9/2/1937,2/11/1937,,Estratovolcan,Activo histarico,3125,0,2,Explosiva (si predomina la eyeccian de tefras),,,,,0,0,0,0,SEGEMAR
160,POINT(-71.7299999999999 -38.6899999999999),Llaima,Chile,3125,2,41-,CURA CAUTIN,41 V 2,,,,No definido,no determinadas,no se sabe,no determinado,3/4/1998,23/4/1998,,Estratovolcan,Activo histarico,3125,0,2,Explosiva (si predomina la eyeccian de tefras),,,,,0,0,0,0,SEGEMAR
161,POINT(-71.7299999999999 -38.6899999999999),Llaima,Chile,3125,2,41-,CURA CAUTIN,41 V 2,,,,No definido,no determinadas,no se sabe,no determinado,12/5/1903,14/5/1903,,Estratovolcan,Activo histarico,3125,0,2,Explosiva (si predomina la eyeccian de tefras),,,,,0,0,0,0,SEGEMAR
162,POINT(-71.7299999999999 -38.6899999999999),Llaima,Chile,3125,2,41-,CURA CAUTIN,41 V 2,,,,No definido,no determinadas,no se sabe,no determinado,/12/1893,/12/1894,,Estratovolcan,Activo histarico,3125,0,2,Explosiva (si predomina la eyeccian de tefras),,,,,0,0,0,0,SEGEMAR
163,POINT(-71.7299999999999 -38.6899999999999),Llaima,Chile,3125,2,41-,CURA CAUTIN,41 V 2,,,,No definido,no determinadas,no se sabe,no determinado,2/3/1932,2/3/1932,,,Activo histarico,3125,0,2,,,,,,0,0,0,0,SEGEMAR
164,POINT(-71.7299999999999 -38.6899999999999),Llaima,Chile,3125,2,41-,CURA CAUTIN,41 V 2,,,,No definido,no determinadas,no se sabe,no determinado,16/1/1877,24/6/1877,,Estratovolcan,Activo histarico,3125,0,2,Explosiva (si predomina la eyeccian de tefras),,,,,0,0,0,0,SEGEMAR
165,POINT(-71.7299999999999 -38.6899999999999),Llaima,Chile,3125,2,41-,CURA CAUTIN,41 V 2,,,,No definido,no determinadas,no se sabe,no determinado,//1852,//1853,,Estratovolcan,Activo histarico,3125,0,2,Explosiva (si predomina la eyeccian de tefras),,,,,0,0,0,0,SEGEMAR
166,POINT(-71.7299999999999 -38.6899999999999),Llaima,Chile,3125,2,41-,CURA CAUTIN,41 V 2,,,,No definido,no determinadas,no se sabe,no determinado,23/6/1941,//,,,Activo histarico,3125,0,2,,,,,,0,0,0,0,SEGEMAR
167,POINT(-71.7299999999999 -38.6899999999999),Llaima,Chile,3125,2,41-,CURA CAUTIN,41 V 2,,,,No definido,no determinadas,no se sabe,no determinado,25/2/1990,25/11/1990,,Estratovolcan,Activo histarico,3125,0,1,Explosiva (si predomina la eyeccian de tefras),,,,,0,0,0,0,SEGEMAR
168,POINT(-71.7299999999999 -38.6899999999999),Llaima,Chile,3125,2,41-,CURA CAUTIN,41 V 2,,,,No definido,no determinadas,1-10,no determinado,//1907,//1908,,Estratovolcan,Activo histarico,3125,0,2,Explosiva (si predomina la eyeccian de tefras),,,,,0,0,0,0,SEGEMAR
169,POINT(-71.7299999999999 -38.6899999999999),Llaima,Chile,3125,2,41-,CURA CAUTIN,41 V 2,,,,No definido,no determinadas,no se sabe,no determinado,31/12/1932,5/1/1933,,Estratovolcan,Activo histarico,3125,0,3,Explosiva (si predomina la eyeccian de tefras),,,,,0,0,0,0,SEGEMAR
170,POINT(-71.7299999999999 -38.6899999999999),Llaima,Chile,3125,2,41-,CURA CAUTIN,41 V 2,,,,No definido,no determinadas,no se sabe,no determinado,6/5/1872,//,,Estratovolcan,Activo histarico,3125,0,2,Explosiva (si predomina la eyeccian de tefras),,,,,0,0,0,0,SEGEMAR
171,POINT(-71.7299999999999 -38.6899999999999),Llaima,Chile,3125,2,41-,CURA CAUTIN,41 V 2,,,,No definido,no determinadas,no se sabe,no determinado,//1895,//1896,,Estratovolcan,Activo histarico,3125,0,2,Explosiva (si predomina la eyeccian de tefras),,,,,0,0,0,0,SEGEMAR
172,POINT(-71.7299999999999 -38.6899999999999),Llaima,Chile,3125,2,41-,CURA CAUTIN,41 V 2,,,,No definido,no determinadas,no se sabe,no determinado,18/12/1751,//1752,,Estratovolcan,Activo histarico,3125,0,2,Explosiva (si predomina la eyeccian de tefras),,,,,0,0,0,0,SEGEMAR
173,POINT(-71.7299999999999 -38.6899999999999),Llaima,Chile,3125,2,41-,CURA CAUTIN,41 V 2,,,,No definido,no determinadas,no se sabe,no determinado,//1883,//,,Estratovolcan,Activo histarico,3125,0,2,Explosiva (si predomina la eyeccian de tefras),,,,,0,0,0,0,SEGEMAR
174,POINT(-71.7299999999999 -38.6899999999999),Llaima,Chile,3125,2,41-,CURA CAUTIN,41 V 2,,,,No definido,no determinadas,no se sabe,no determinado,//1864,//,,Estratovolcan,Activo histarico,3125,0,3,Explosiva (si predomina la eyeccian de tefras),,,,,0,0,0,0,SEGEMAR
175,POINT(-71.7299999999999 -38.6899999999999),Llaima,Chile,3125,2,41-,CURA CAUTIN,41 V 2,,,,No definido,no determinadas,no se sabe,no determinado,5/10/1927,5/12/1927,,Estratovolcan,Activo histarico,3125,0,2,Explosiva (si predomina la eyeccian de tefras),,,,,0,0,0,0,SEGEMAR
176,POINT(-71.7299999999999 -38.6899999999999),Llaima,Chile,3125,2,41-,CURA CAUTIN,41 V 2,,,,No definido,no determinadas,no se sabe,no determinado,//1558,//,,,Activo histarico,3125,0,0,,,,,,0,0,0,0,SEGEMAR
177,POINT(-71.7299999999999 -38.6899999999999),Llaima,Chile,3125,2,41-,CURA CAUTIN,41 V 2,,,,No definido,no determinadas,no se sabe,no determinado,16/1/1887,24/6/1887,,Estratovolcan,Activo histarico,3125,0,2,Explosiva (si predomina la eyeccian de tefras),,,,,0,0,0,0,SEGEMAR
178,POINT(-71.7299999999999 -38.6899999999999),Llaima,Chile,3125,2,41-,CURA CAUTIN,41 V 2,,,,"Da os sobre infraestructura urbana (viviendas, industrias, servicios pablicos, etc), Daeos sobre la produccitn (ganado, cultivos)",no determinadas,no se sabe,no determinado,22/10/1955,/11/1957,,Estratovolcan,Activo histarico,3125,0,3,Explosiva (si predomina la eyeccian de tefras),,,,,0,0,0,0,SEGEMAR
200,POINT(-71.7299999999999 -38.6899999999999),Llaima,Chile,3125,2,41-,CURA CAUTIN,41 V 2,,,,No definido,no determinadas,no se sabe,no determinado,9/6/1942,/11/1942,,Estratovolcan,Activo histarico,3125,0,2,Explosiva (si predomina la eyeccian de tefras),,,,,0,0,0,0,SEGEMAR
179,POINT(-71.7299999999999 -38.6899999999999),Llaima,Chile,3125,2,41-,CURA CAUTIN,41 V 2,,,,"Da os sobre infraestructura urbana (viviendas, industrias, servicios pablicos, etc), Daeos sobre la produccitn (ganado, cultivos)",no determinadas,no se sabe,no determinado,17/5/1994,30/8/1994,,Estratovolcan,Activo histarico,3125,0,2,Explosiva (si predomina la eyeccian de tefras),,,,,0,0,0,0,SEGEMAR
180,POINT(-71.7299999999999 -38.6899999999999),Llaima,Chile,3125,2,41-,CURA CAUTIN,41 V 2,,,,No definido,no determinadas,no se sabe,no determinado,/12/1938,//,,Estratovolcan,Activo histarico,3125,0,1,Explosiva (si predomina la eyeccian de tefras),,,,,0,0,0,0,SEGEMAR
181,POINT(-71.7299999999999 -38.6899999999999),Llaima,Chile,3125,2,41-,CURA CAUTIN,41 V 2,,,,No definido,no determinadas,no se sabe,no determinado,//1929,//,,Estratovolcan,Activo histarico,3125,0,2,Explosiva (si predomina la eyeccian de tefras),,,,,0,0,0,0,SEGEMAR
182,POINT(-71.7299999999999 -38.6899999999999),Llaima,Chile,3125,2,41-,CURA CAUTIN,41 V 2,,,,No definido,no determinadas,no se sabe,no determinado,24/10/1922,//,,Complejo Volconico,Activo histlrico,3125,0,2,Efusiva (si predominan lavas),,,,,0,0,0,0,SEGEMAR
183,POINT(-71.7299999999999 -38.6899999999999),Llaima,Chile,3125,2,41-,CURA CAUTIN,41 V 2,,,,No definido,no determinadas,no se sabe,no determinado,6/7/1930,//,,Estratovolcan,Activo histarico,3125,0,2,Explosiva (si predomina la eyeccian de tefras),,,,,0,0,0,0,SEGEMAR
184,POINT(-71.7299999999999 -38.6899999999999),Llaima,Chile,3125,2,41-,CURA CAUTIN,41 V 2,,,,No definido,no determinadas,no se sabe,no determinado,23/7/1946,//,,Estratovolcan,Activo histarico,3125,0,2,Explosiva (si predomina la eyeccian de tefras),,,,,0,0,0,0,SEGEMAR
209,POINT(-69.8999999999999 -33.7799999999999),San Josh,Argentina/Chile,5856,2,3369-III,CERRO TUPUNGATO,3369III V 2,,,,No definido,no determinadas,no se sabe,no determinado,//1822,//,,,Activo histarico,5856,0,0,,,,,,0,0,0,0,SEGEMAR
185,POINT(-71.7299999999999 -38.6899999999999),Llaima,Chile,3125,2,41-,CURA CAUTIN,41 V 2,Zonas aleda,Poblaciln evacuada en Chile,Poblaciln evacuada en Chile,"Corte u obstruccian de vias de comunicacien (rutas, caminos, puentes, ferrocarriles), Dados sobre la poblacien (personas evacuadas, aislamientos de ciudades, enfermedades), Dacos sobre la producciln (ganado, cultivos)",no determinadas,0,no determinado,1/1/2008,//,,Estratovolcan,Activo histarico,3125,0,0,Explosiva (si predomina la eyeccimn de tefras),,"El volcvn lanzp material incandescente por sobre los 300 metros del crfter, cubriendo con lava unos 600 metros del macizo.",,,1,0,0,0,SEGEMAR
186,POINT(-71.7299999999999 -38.6899999999999),Llaima,Chile,3125,2,41-,CURA CAUTIN,41 V 2,,,,No definido,no determinadas,no se sabe,no determinado,/11/1998,//,,Estratovolcan,Activo histarico,3125,0,2,Explosiva (si predomina la eyeccicn de tefras),,,,,0,0,0,0,SEGEMAR
187,POINT(-71.7299999999999 -38.6899999999999),Llaima,Chile,3125,2,41-,CURA CAUTIN,41 V 2,,,,No definido,no determinadas,no se sabe,no determinado,//1822,//,,Estratovolcan,Activo histarico,3125,0,2,Explosiva (si predomina la eyeccicn de tefras),,,,,0,0,0,0,SEGEMAR
188,POINT(-71.7299999999999 -38.6899999999999),Llaima,Chile,3125,2,41-,CURA CAUTIN,41 V 2,,,,No definido,no determinadas,no se sabe,no determinado,//1964,//,,Estratovolcan,Activo histarico,3125,0,2,Explosiva (si predomina la eyeccicn de tefras),,,,,0,0,0,0,SEGEMAR
189,POINT(-71.7299999999999 -38.6899999999999),Llaima,Chile,3125,2,41-,CURA CAUTIN,41 V 2,,,,No definido,no determinadas,no se sabe,no determinado,/10/2002,//,,Estratovolcan,Activo histarico,3125,0,1,Explosiva (si predomina la eyeccicn de tefras),,,,,0,0,0,0,SEGEMAR
190,POINT(-71.7299999999999 -38.6899999999999),Llaima,Chile,3125,2,41-,CURA CAUTIN,41 V 2,,,,No definido,no determinadas,no se sabe,no determinado,20/4/1889,/7/1889,,Estratovolcan,Activo histarico,3125,0,2,Explosiva (si predomina la eyeccicn de tefras),,,,,0,0,0,0,SEGEMAR
191,POINT(-71.7299999999999 -38.6899999999999),Llaima,Chile,3125,2,41-,CURA CAUTIN,41 V 2,,,,No definido,no determinadas,no se sabe,no determinado,/12/1759,//,,Estratovolcan,Activo histarico,3125,0,2,Explosiva (si predomina la eyeccicn de tefras),,,,,0,0,0,0,SEGEMAR
192,POINT(-71.7299999999999 -38.6899999999999),Llaima,Chile,3125,2,41-,CURA CAUTIN,41 V 2,,,,No definido,no determinadas,no se sabe,no determinado,//1944,//,,Estratovolcan,Activo histarico,3125,0,2,Explosiva (si predomina la eyeccicn de tefras),,,,,0,0,0,0,SEGEMAR
193,POINT(-71.7299999999999 -38.6899999999999),Llaima,Chile,3125,2,41-,CURA CAUTIN,41 V 2,,,,No definido,no determinadas,no se sabe,no determinado,//1892,//,,Estratovolcan,Activo histarico,3125,0,2,Explosiva (si predomina la eyeccicn de tefras),,,,,0,0,0,0,SEGEMAR
194,POINT(-71.7299999999999 -38.6899999999999),Llaima,Chile,3125,2,41-,CURA CAUTIN,41 V 2,,,,No definido,no determinadas,no se sabe,no determinado,23/8/1992,2/9/1992,,Estratovolcan,Activo histarico,3125,0,1,Explosiva (si predomina la eyeccicn de tefras),,,,,0,0,0,0,SEGEMAR
228,POINT(-72.49 -41.0999999999999),Osorno,Chile,2652,1,45-,PTO. MONTT,45 V 1,,,,"Corte u obstruccicn de vlas de comunicacifn (rutas, caminos, puentes, ferrocarriles)",no determinadas,no se sabe,no determinado,//1719,//,,,Activo histarico,2652,0,0,,,,,,0,0,0,0,SEGEMAR
195,POINT(-71.7299999999999 -38.6899999999999),Llaima,Chile,3125,2,41-,CURA CAUTIN,41 V 2,,,,"Da os sobre infraestructura urbana (viviendas, industrias, servicios pfblicos, etc), Daoos sobre la produccion (ganado, cultivos)",no determinadas,no se sabe,no determinado,//1875,//1876,,Estratovolcan,Activo histarico,3125,0,2,Explosiva (si predomina la eyeccian de tefras),,,,,0,0,0,0,SEGEMAR
196,POINT(-71.7299999999999 -38.6899999999999),Llaima,Chile,3125,2,41-,CURA CAUTIN,41 V 2,,,,No definido,no determinadas,no se sabe,no determinado,//1862,//,,Estratovolcan,Activo histarico,3125,0,3,Explosiva (si predomina la eyeccian de tefras),,,,,0,0,0,0,SEGEMAR
197,POINT(-71.7299999999999 -38.6899999999999),Llaima,Chile,3125,2,41-,CURA CAUTIN,41 V 2,,,,No definido,no determinadas,no se sabe,no determinado,/3/1997,/10/1997,,Estratovolcan,Activo histarico,3125,0,1,Explosiva (si predomina la eyeccian de tefras),,,,,0,0,0,0,SEGEMAR
198,POINT(-71.7299999999999 -38.6899999999999),Llaima,Chile,3125,2,41-,CURA CAUTIN,41 V 2,,,,No definido,no determinadas,1-10,no determinado,31/3/1945,3/4/1945,,Estratovolcan,Activo histarico,3125,0,3,Explosiva (si predomina la eyeccian de tefras),,,,,0,0,0,0,SEGEMAR
199,POINT(-71.7299999999999 -38.6899999999999),Llaima,Chile,3125,2,41-,CURA CAUTIN,41 V 2,,,,No definido,no determinadas,no se sabe,no determinado,/12/1971,12/3/1972,,Estratovolcan,Activo histarico,3125,0,2,Explosiva (si predomina la eyeccian de tefras),,,,,0,0,0,0,SEGEMAR
201,POINT(-71.7299999999999 -38.6899999999999),Llaima,Chile,3125,2,41-,CURA CAUTIN,41 V 2,,,,No definido,no determinadas,no se sabe,no determinado,//1866,//,,Estratovolcan,Activo histarico,3125,0,2,Explosiva (si predomina la eyeccian de tefras),,,,,0,0,0,0,SEGEMAR
202,POINT(-70.8999999999999 -38.5199999999999),Tralihue,Argentina,0,1,3972-II,PASO PINO HACHADO,3972II V 1,,,,No definido,,,,//,//,,,Activo PrehistArico,0,0,1,,,,,,0,0,0,0,SEGEMAR
203,POINT(-69.5199999999999 -18.0999999999999),Taapaca,Chile,0,1,2-,ARICA,2 V 1,,,,No definido,,,,//,//,,Estratovolc,Activo PrehistArico,5861,0,0,Explosiva (si predomina la eyeccian de tefras),,,,,0,0,0,0,SEGEMAR
204,POINT(-69.8999999999999 -33.7799999999999),San Josv,Argentina/Chile,5856,2,3369-III,CERRO TUPUNGATO,3369III V 2,,,,No definido,no determinadas,no se sabe,no determinado,//1960,//,,,Activo histarico,5856,0,0,,,,,,0,0,0,0,SEGEMAR
205,POINT(-69.8999999999999 -33.7799999999999),San Josh,Argentina/Chile,5856,2,3369-III,CERRO TUPUNGATO,3369III V 2,,,,No definido,no determinadas,,no determinado,//1895,//,,,Activo histarico,5856,0,0,,,,,,0,0,0,0,SEGEMAR
206,POINT(-69.8999999999999 -33.7799999999999),San Josh,Argentina/Chile,5856,2,3369-III,CERRO TUPUNGATO,3369III V 2,,,,No definido,,no se sabe,no determinado,//1949,//,,,Activo histarico,5856,0,0,,,,,,0,0,0,0,SEGEMAR
207,POINT(-69.8999999999999 -33.7799999999999),San Josh,Argentina/Chile,5856,2,3369-III,CERRO TUPUNGATO,3369III V 2,,,,No definido,no determinadas,no se sabe,no determinado,//1941,//,,,Activo histarico,5856,0,0,,,,,,0,0,0,0,SEGEMAR
208,POINT(-69.8999999999999 -33.7799999999999),San Josh,Argentina/Chile,5856,2,3369-III,CERRO TUPUNGATO,3369III V 2,,,,No definido,no determinadas,no se sabe,no determinado,//1931,//,,,Activo histarico,5856,0,0,,,,,,0,0,0,0,SEGEMAR
211,POINT(-69.8999999999999 -33.7799999999999),San Josh,Argentina/Chile,5856,2,3369-III,CERRO TUPUNGATO,3369III V 2,,,,No definido,,no se sabe,no determinado,//1881,//,,,Activo histarico,5856,0,0,,,,,,0,0,0,0,SEGEMAR
212,POINT(-69.8999999999999 -33.7799999999999),San Josh,Argentina/Chile,5856,2,3369-III,CERRO TUPUNGATO,3369III V 2,,,,,,,,//1889,//,,,Activo hist,5856,0,0,,,,,,0,0,0,0,SEGEMAR
213,POINT(-69.8999999999999 -33.7799999999999),San Josh,Argentina/Chile,5856,2,3369-III,CERRO TUPUNGATO,3369III V 2,,,,No definido,no determinadas,no se sabe,no determinado,//1959,//,,,Activo histarico,5856,0,0,,,,,,0,0,0,0,SEGEMAR
214,POINT(-69.1499999999999 -18.17),Parinacota,Chile,6350,2,2-,ARICA,2 V 2,,,,No definido,,,,//,//,,,Activo Prehistcrico,6350,0,0,,,,,,0,0,0,0,SEGEMAR
215,POINT(-73.5499999999999 -49.0199999999999),Lautaro,Chile,3380,1,-,CAMPOS DE HIELO SUR,V 1,,,,No definido,no determinadas,no se sabe,no determinado,//1945,//,,,Activo histarico,3380,0,0,,,,,,0,0,0,0,SEGEMAR
216,POINT(-73.5499999999999 -49.0199999999999),Lautaro,Chile,3380,1,-,CAMPOS DE HIELO SUR,V 1,,,,No definido,no determinadas,no se sabe,no determinado,//1961,//,,,Activo histarico,3380,0,0,,,,,,0,0,0,0,SEGEMAR
217,POINT(-73.5499999999999 -49.0199999999999),Lautaro,Chile,3380,1,-,CAMPOS DE HIELO SUR,V 1,,,,No definido,no determinadas,no se sabe,,//1879,//,,,Activo histarico,3380,0,0,,,,,,0,0,0,0,SEGEMAR
218,POINT(-73.5499999999999 -49.0199999999999),Lautaro,Chile,3380,1,-,CAMPOS DE HIELO SUR,V 1,,,,No definido,no determinadas,no se sabe,no determinado,//1960,//,,,Activo histarico,3380,0,0,,,,,,0,0,0,0,SEGEMAR
219,POINT(-73.5499999999999 -49.0199999999999),Lautaro,Chile,3380,1,-,CAMPOS DE HIELO SUR,V 1,,,,No definido,no determinadas,no se sabe,no determinado,//1879,//,,,Activo histarico,3380,0,0,,,,,,0,0,0,0,SEGEMAR
220,POINT(-67.9999999999999 -25.5299999999999),Antofalla,Argentina,6100,6,2569-IV,ANTOFALLA,2569IV V 6,,,,No definido,,,,//,//,,,Activo Prehistcrico,6100,0,0,,,,,,0,0,0,0,SEGEMAR
221,POINT(-68.5799999999999 -25.42),Cerro Bayo,Argentina/Chile,5401,4,2569-IV,ANTOFALLA,2569IV V 4,,,,No definido,,,,//,//,,,Activo Prehisterico,5401,0,1,,,,,,0,0,0,0,SEGEMAR
222,POINT(-72.49 -41.0999999999999),Osorno,Chile,2652,1,45-,PTO. MONTT,45 V 1,,,,No definido,no determinadas,no se sabe,no determinado,//1855,//,,,Activo histarico,2652,0,0,,,,,,0,0,0,0,SEGEMAR
223,POINT(-72.49 -41.0999999999999),Osorno,Chile,2652,1,45-,PTO. MONTT,45 V 1,,,,No definido,no determinadas,no se sabe,no determinado,//1790,//,,,Activo histarico,2652,0,0,,,,,,0,0,0,0,SEGEMAR
224,POINT(-72.49 -41.0999999999999),Osorno,Chile,2652,1,45-,PTO. MONTT,45 V 1,,,,No definido,no determinadas,no se sabe,no determinado,//1640,//,,,Activo histarico,2652,0,0,,,,,,0,0,0,0,SEGEMAR
225,POINT(-72.49 -41.0999999999999),Osorno,Chile,2652,1,45-,PTO. MONTT,45 V 1,,,,No definido,no determinadas,no se sabe,no determinado,//1859,//,,,Activo histarico,2652,0,0,,,,,,0,0,0,0,SEGEMAR
226,POINT(-72.49 -41.0999999999999),Osorno,Chile,2652,1,45-,PTO. MONTT,45 V 1,,,,No definido,no determinadas,no se sabe,no determinado,//1834,//,,,Activo histarico,2652,0,0,,,,,,0,0,0,0,SEGEMAR
227,POINT(-72.49 -41.0999999999999),Osorno,Chile,2652,1,45-,PTO. MONTT,45 V 1,,,,No definido,no determinadas,no se sabe,no determinado,//1837,//,,,Activo histarico,2652,0,0,,,,,,0,0,0,0,SEGEMAR
229,POINT(-72.49 -41.0999999999999),Osorno,Chile,2652,1,45-,PTO. MONTT,45 V 1,,,,No definido,no determinadas,no se sabe,no determinado,//1644,//,,,Activo histarico,2652,0,0,,,,,,0,0,0,0,SEGEMAR
231,POINT(-72.49 -41.0999999999999),Osorno,Chile,2652,1,45-,PTO. MONTT,45 V 1,,,,No definido,no determinadas,no se sabe,no determinado,//1765,//,,,Activo histarico,2652,0,0,,,,,,0,0,0,0,SEGEMAR
232,POINT(-72.49 -41.0999999999999),Osorno,Chile,2652,1,45-,PTO. MONTT,45 V 1,,,,No definido,no determinadas,no se sabe,no determinado,//1851,//,,,Activo histarico,2652,0,0,,,,,,0,0,0,0,SEGEMAR
233,POINT(-69.8299999999999 -34.1599999999999),Maipo,Argentina/Chile,5264,1,3569-I,VOLCAN MAIPO,3569I V 1,,,,No definido,no determinadas,no se sabe,no determinado,//1788,//,,,Activo histarico,5264,0,0,,,,,,0,0,0,0,SEGEMAR
234,POINT(-69.8299999999999 -34.1599999999999),Maipo,Argentina/Chile,5264,1,3569-I,VOLCAN MAIPO,3569I V 1,,,,No definido,no determinadas,no se sabe,no determinado,//1826,//,,,Activo histarico,5264,0,0,,,,,,0,0,0,0,SEGEMAR
235,POINT(-69.8299999999999 -34.1599999999999),Maipo,Argentina/Chile,5264,1,3569-I,VOLCAN MAIPO,3569I V 1,,,,No definido,no determinadas,no se sabe,no determinado,//1833,//,,,Activo histarico,5264,0,0,,,,,,0,0,0,0,SEGEMAR
236,POINT(-69.8299999999999 -34.1599999999999),Maipo,Argentina/Chile,5264,1,3569-I,VOLCAN MAIPO,3569I V 1,,,,No definido,,,,/2/1931,//,,,Activo hist,5264,0,0,,,,,,0,0,0,0,SEGEMAR
237,POINT(-69.8299999999999 -34.1599999999999),Maipo,Argentina/Chile,5264,1,3569-I,VOLCAN MAIPO,3569I V 1,,,,No definido,no determinadas,no se sabe,no determinado,//1822,//,,,Activo histarico,5264,0,0,,,,,,0,0,0,0,SEGEMAR
238,POINT(-69.8299999999999 -34.1599999999999),Maipo,Argentina/Chile,5264,1,3569-I,VOLCAN MAIPO,3569I V 1,,,,No definido,,,,//1869,//,,,Activo hist,5264,0,0,,,,,,0,0,0,0,SEGEMAR
239,POINT(-69.8299999999999 -34.1599999999999),Maipo,Argentina/Chile,5264,1,3569-I,VOLCAN MAIPO,3569I V 1,,,,No definido,,,,//1905,//,,,Activo hist,5264,0,0,,,,,,0,0,0,0,SEGEMAR
240,POINT(-69.8299999999999 -34.1599999999999),Maipo,Argentina/Chile,5264,1,3569-I,VOLCAN MAIPO,3569I V 1,,,,No definido,,,,//1912,//,,Estratovolc,Activo hist,5264,0,0,Explosiva (si predomina la eyeccimn de tefras),,,,,0,0,0,0,SEGEMAR
241,POINT(-69.8299999999999 -34.1599999999999),Maipo,Argentina/Chile,5264,1,3569-I,VOLCAN MAIPO,3569I V 1,,,,No definido,,,,//1908,//,,,Activo hist,5264,0,0,,,,,,0,0,0,0,SEGEMAR
242,POINT(-69.8299999999999 -34.1599999999999),Maipo,Argentina/Chile,5264,1,3569-I,VOLCAN MAIPO,3569I V 1,,,,No definido,no determinadas,no se sabe,no determinado,//1831,//,,,Activo histarico,5264,0,0,,,,,,0,0,0,0,SEGEMAR
243,POINT(-72.9699999999999 -45.8999999999999),Hudson,Chile,1905,1,52-,COHIAIQUE,52 V 1,"Los Antiguos, Perito Moreno, Bajo Caracoles, Posadas, Rno Deseado, sur de Las Heras, Pico Truncado, Fitz Roy, Pto. Deseado, Pto. San Julimn (Prov. de Santa Cruz).","Psicosis en la poblacion debido a prolongados dsas de oscuridad por la suspensien de cenizas en el aire. Personas con problemas asmnticos y respiratorios, reacciones alergicas, irritaciln en los ojos. Evacuaciun de alrededor de 600 personas de Los Antigu","Psicosis en la poblacion debido a prolongados dsas de oscuridad por la suspensien de cenizas en el aire. Personas con problemas asmnticos y respiratorios, reacciones alergicas, irritaciln en los ojos. Evacuaciun de alrededor de 600 personas de Los Antigu","Daios sobre la poblacion (personas evacuadas, aislamientos de ciudades, enfermedades)",mas 5.000.000,no se sabe,no determinado,/8/1991,//,"entre 2,8 Km3 y 3,5 Km3 de material piroclastico.",Estratovolcmn,Activo histmrico,1905,0,5,Explosiva (si predomina la eyeccian de tefras),,"Polvo, ceniza, lapilli, clastos laticos, bombas piroclnsticas con diemetro de hasta 40 cm a 7 Km del volcPn.",Moficas (basalticas),Moficas (basalticas),1,0,0,0,SEGEMAR
244,POINT(-72.9699999999999 -45.8999999999999),Hudson,Chile,1905,1,52-,COHIAIQUE,52 V 1,,,,No definido,,,,/8/1971,//,,,Activo hist,1905,0,3,,,,,,0,0,0,0,SEGEMAR
245,POINT(-72.9699999999999 -45.8999999999999),Hudson,Chile,1905,1,52-,COHIAIQUE,52 V 1,,,,No definido,,,,//,//,,,Activo hist,1905,0,6,,,,,,0,0,0,0,SEGEMAR
246,POINT(-72.9699999999999 -45.8999999999999),Hudson,Chile,1905,1,52-,COHIAIQUE,52 V 1,,,,No definido,,,,25/10/2011,//,,Caldera,Activo hist,1905,0,0,Exhalativa (si predomina gases),,,,,0,1,0,0,SEGEMAR
247,POINT(-70.0299999999999 -37.1399999999999),Tromen,Argentina,3978,1,3769-III,CHOS MALAL,3769III V 1,,,,No definido,,,,//,//,,,Activo hist,3978,0,1,,,,,,0,0,0,0,SEGEMAR
248,POINT(-73.5849999999999 -50.9639999999999),Reclus,Chile,1000,2,-,CORDILLERA DE PAINE,V 2,,,,No definido,no determinadas,no se sabe,no determinado,//,//,,,Activo Prehist,1000,0,0,,,,,,0,0,0,0,SEGEMAR
249,POINT(-68.2699999999999 -25.0999999999999),Unnamed,Argentina,0,5,2569-IV,ANTOFALLA,2569IV V 5,,,,No definido,,,,//,//,,,Activo Prehist,0,0,0,,,,,,0,0,0,0,SEGEMAR
250,POINT(-70.5099999999999 -35.2299999999999),Planchon-Peteroa-Azufre,Argentina/Chile,0,2,3569-III,MALARGUE,3569III V 2,,,,No definido,,,,//,//,,,Activo hist,4090,0,0,,,,Intermedias (andesitfcas-daceticas),,0,0,0,0,SEGEMAR
251,POINT(-68.3699999999999 -26.8),Falso Azufre,Argentina/Chile,5890,2,2769-II,PASO DE SAN FRANCISCO,2769II V 2,,,,No definido,,,,//,//,,,Activo PrehistArico,5890,0,1,,,,,,0,0,0,0,SEGEMAR
252,POINT(-71.5499999999999 -39.8699999999999),Grupo Huanquihue,Argentina,1400,2,3972-IV,JUNIN DE LOS ANDES,3972IV V 2,,,,No definido,,,,//,//,,,Activo hist,1400,0,0,,,,,,0,0,0,0,SEGEMAR
